ID,Name,ImageURL
1,Kategoria Superiore,https://cdn.soccerwiki.org/images/logos/leagues/1.png
2,Primera División,https://cdn.soccerwiki.org/images/logos/leagues/2.png
3,Primera B Nacional A,https://cdn.soccerwiki.org/images/logos/leagues/3.png
4,Armenian Premier League,https://cdn.soccerwiki.org/images/logos/leagues/4.png
5,A-League,https://cdn.soccerwiki.org/images/logos/leagues/5.png
6,Bundesliga,https://cdn.soccerwiki.org/images/logos/leagues/6.png
7,Erste Liga,https://cdn.soccerwiki.org/images/logos/leagues/7_1351333376.jpg
8,Azərbaycan Premyer Liqası,https://cdn.soccerwiki.org/images/logos/leagues/8.png
9,Vysshaya Liga,https://cdn.soccerwiki.org/images/logos/leagues/9.png
10,Pro League,https://cdn.soccerwiki.org/images/logos/leagues/10.png
11,Challenger Pro League,https://cdn.soccerwiki.org/images/logos/leagues/11.jpg
12,Liga de Fútbol Profesional Boliviano,https://cdn.soccerwiki.org/images/logos/leagues/12.png
13,Premier Liga BiH,https://cdn.soccerwiki.org/images/logos/leagues/13.png
14,Brasileirão Série A,https://cdn.soccerwiki.org/images/logos/leagues/14.png
15,Brasilerão Série B,https://cdn.soccerwiki.org/images/logos/leagues/15.png
16,Parva Liga,https://cdn.soccerwiki.org/images/logos/leagues/16.png
17,Liga de Primera,https://cdn.soccerwiki.org/images/logos/leagues/17.png
18,Super League,https://cdn.soccerwiki.org/images/logos/leagues/18.png
19,Liga BetPlay Dimayor,https://cdn.soccerwiki.org/images/logos/leagues/19.png
20,Primera División,https://cdn.soccerwiki.org/images/logos/leagues/20.png
21,1.HNL,https://cdn.soccerwiki.org/images/logos/leagues/21.png
22,A Katigoria,https://cdn.soccerwiki.org/images/logos/leagues/22.png
23,B Katigoria,https://cdn.soccerwiki.org/images/logos/leagues/23.png
24,1.Liga,https://cdn.soccerwiki.org/images/logos/leagues/24.png
25,Superliga,https://cdn.soccerwiki.org/images/logos/leagues/25.png
26,1. Division,https://cdn.soccerwiki.org/images/logos/leagues/26.jpg
27,Liga Pro Ecuador Serie A,https://cdn.soccerwiki.org/images/logos/leagues/27.png
28,Premier League,https://cdn.soccerwiki.org/images/logos/leagues/28.png
29,Football League Championship,https://cdn.soccerwiki.org/images/logos/leagues/29.png
30,Football League One,https://cdn.soccerwiki.org/images/logos/leagues/30.png
31,Football League Two,https://cdn.soccerwiki.org/images/logos/leagues/31.png
32,National League,https://cdn.soccerwiki.org/images/logos/leagues/32.png
33,Meistriliiga,https://cdn.soccerwiki.org/images/logos/leagues/33.png
34,1. MFL,https://cdn.soccerwiki.org/images/logos/leagues/34.png
35,Veikkausliiga,https://cdn.soccerwiki.org/images/logos/leagues/35.png
36,Ligue 1,https://cdn.soccerwiki.org/images/logos/leagues/36.png
37,Ligue 2,https://cdn.soccerwiki.org/images/logos/leagues/37.png
38,Championnat National,https://cdn.soccerwiki.org/images/logos/leagues/38.png
39,Bundesliga,https://cdn.soccerwiki.org/images/logos/leagues/39.png
40,2. Bundesliga,https://cdn.soccerwiki.org/images/logos/leagues/40.png
41,3. Liga,https://cdn.soccerwiki.org/images/logos/leagues/41.png
42,Regionalliga Süd,https://cdn.soccerwiki.org/images/logos/leagues/42_1361856383.jpg
43,Regionalliga Nord,https://cdn.soccerwiki.org/images/logos/leagues/43.jpg
44,Regionalliga West,https://cdn.soccerwiki.org/images/logos/leagues/44_1350407161.jpg
45,Super League 1,https://cdn.soccerwiki.org/images/logos/leagues/45.png
46,Football League South,https://cdn.soccerwiki.org/images/logos/leagues/46.png
47,NB I,https://cdn.soccerwiki.org/images/logos/leagues/47.png
48,Úrvalsdeild,https://cdn.soccerwiki.org/images/logos/leagues/48.png
49,Ligat ha Al,https://cdn.soccerwiki.org/images/logos/leagues/49.png
50,Liga Leumit,https://cdn.soccerwiki.org/images/logos/leagues/50.jpg
51,Serie A,https://cdn.soccerwiki.org/images/logos/leagues/51.png
52,Serie B,https://cdn.soccerwiki.org/images/logos/leagues/52.png
53,Serie C Girone A,https://cdn.soccerwiki.org/images/logos/leagues/53.png
54,Serie C Girone B,https://cdn.soccerwiki.org/images/logos/leagues/54.png
55,J1 League,https://cdn.soccerwiki.org/images/logos/leagues/55.png
56,J2 League,https://cdn.soccerwiki.org/images/logos/leagues/56_1335772802.jpg
57,Premier-Liga,https://cdn.soccerwiki.org/images/logos/leagues/57.png
58,K League 1,https://cdn.soccerwiki.org/images/logos/leagues/58.png
59,Virslīga,https://cdn.soccerwiki.org/images/logos/leagues/59.png
60,A Lyga,https://cdn.soccerwiki.org/images/logos/leagues/60.png
61,Maltese Premier League,https://cdn.soccerwiki.org/images/logos/leagues/61.png
62,Liga MX,https://cdn.soccerwiki.org/images/logos/leagues/62.png
63,Liga de Expansión MX,https://cdn.soccerwiki.org/images/logos/leagues/63.png
64,Divizia Nationala,https://cdn.soccerwiki.org/images/logos/leagues/64.png
65,1.CFL,https://cdn.soccerwiki.org/images/logos/leagues/65.png
66,Eredivisie,https://cdn.soccerwiki.org/images/logos/leagues/66.png
67,Eerste Divisie,https://cdn.soccerwiki.org/images/logos/leagues/67.png
68,Eliteserien,https://cdn.soccerwiki.org/images/logos/leagues/68.png
69,1. divisjon,https://cdn.soccerwiki.org/images/logos/leagues/69.png
70,Primera División,https://cdn.soccerwiki.org/images/logos/leagues/70.png
71,Liga 1,https://cdn.soccerwiki.org/images/logos/leagues/71.png
72,I Liga,https://cdn.soccerwiki.org/images/logos/leagues/72.jpg
73,II Liga,https://cdn.soccerwiki.org/images/logos/leagues/73.jpg
74,Primeira Liga,https://cdn.soccerwiki.org/images/logos/leagues/74.png
75,Liga Portugal 2,https://cdn.soccerwiki.org/images/logos/leagues/75.png
76,Premier Division,https://cdn.soccerwiki.org/images/logos/leagues/76.png
77,Liga I,https://cdn.soccerwiki.org/images/logos/leagues/77.png
78,Russian Premier Liga,https://cdn.soccerwiki.org/images/logos/leagues/78.png
79,Russian First League,https://cdn.soccerwiki.org/images/logos/leagues/79.png
80,Premiership,https://cdn.soccerwiki.org/images/logos/leagues/80.png
81,Championship,https://cdn.soccerwiki.org/images/logos/leagues/81.png
82,League One,https://cdn.soccerwiki.org/images/logos/leagues/82.png
83,League Two,https://cdn.soccerwiki.org/images/logos/leagues/83.png
84,Superliga,https://cdn.soccerwiki.org/images/logos/leagues/84.png
85,Prva Liga Srbija,https://cdn.soccerwiki.org/images/logos/leagues/85.png
86,Super Liga,https://cdn.soccerwiki.org/images/logos/leagues/86.jpg
87,Prva Liga,https://cdn.soccerwiki.org/images/logos/leagues/87.png
88,Premier Soccer League,https://cdn.soccerwiki.org/images/logos/leagues/88.png
89,La Liga,https://cdn.soccerwiki.org/images/logos/leagues/89.png
90,La Liga 2,https://cdn.soccerwiki.org/images/logos/leagues/90.png
91,Allsvenskan,https://cdn.soccerwiki.org/images/logos/leagues/91.png
92,Superettan,https://cdn.soccerwiki.org/images/logos/leagues/92.png
93,Super League,https://cdn.soccerwiki.org/images/logos/leagues/93.png
94,Challenge League,https://cdn.soccerwiki.org/images/logos/leagues/94_1361397404.jpg
95,Süper Lig,https://cdn.soccerwiki.org/images/logos/leagues/95.png
96,1. Lig,https://cdn.soccerwiki.org/images/logos/leagues/96_1361397415.jpg
97,Premier Liha,https://cdn.soccerwiki.org/images/logos/leagues/97.png
98,Major League Soccer,https://cdn.soccerwiki.org/images/logos/leagues/98.png
99,Primera División,https://cdn.soccerwiki.org/images/logos/leagues/99.png
100,Primera División,https://cdn.soccerwiki.org/images/logos/leagues/100.png
101,Erovnuli Liga,https://cdn.soccerwiki.org/images/logos/leagues/101.png
102,Cymru Premier,https://cdn.soccerwiki.org/images/logos/leagues/102.png
103,NIFL Premiership,https://cdn.soccerwiki.org/images/logos/leagues/103.png
104,Premier League,https://cdn.soccerwiki.org/images/logos/leagues/104.png
105,Iran Pro League,https://cdn.soccerwiki.org/images/logos/leagues/105.jpg
109,Kategoria e Parë,https://cdn.soccerwiki.org/images/logos/leagues/109.png
110,Girabola,https://cdn.soccerwiki.org/images/logos/leagues/110.png
111,Pervaya Liga,https://cdn.soccerwiki.org/images/logos/leagues/111.png
112,Esiliiga,https://cdn.soccerwiki.org/images/logos/leagues/112_1350645833.jpg
113,Primera División B,https://cdn.soccerwiki.org/images/logos/leagues/113.png
114,Categoría Primera B,https://cdn.soccerwiki.org/images/logos/leagues/114.png
115,FNL,https://cdn.soccerwiki.org/images/logos/leagues/115.jpg
116,Primera B,https://cdn.soccerwiki.org/images/logos/leagues/116.png
117,Ykkösliiga,https://cdn.soccerwiki.org/images/logos/leagues/117.png
118,Perscha Liga ,https://cdn.soccerwiki.org/images/logos/leagues/118.png
119,Linafoot,https://cdn.soccerwiki.org/images/logos/leagues/119.jpg
120,Primera División,https://cdn.soccerwiki.org/images/logos/leagues/120.png
121,Premier League,https://cdn.soccerwiki.org/images/logos/leagues/121.png
122,Liga Nacional,https://cdn.soccerwiki.org/images/logos/leagues/122.png
123,First Division League,https://cdn.soccerwiki.org/images/logos/leagues/123.jpg
124,I-League,https://cdn.soccerwiki.org/images/logos/leagues/124.jpg
125,Liga 1,https://cdn.soccerwiki.org/images/logos/leagues/125.png
126,Iraq Stars League,https://cdn.soccerwiki.org/images/logos/leagues/126.png
127,Ligue 1 de Côte d'Ivoire,https://cdn.soccerwiki.org/images/logos/leagues/127.jpg
128,Jordanian Pro League,https://cdn.soccerwiki.org/images/logos/leagues/128.png
129,Lebanese Premier League,https://cdn.soccerwiki.org/images/logos/leagues/129.png
130,National Division,https://cdn.soccerwiki.org/images/logos/leagues/130_1350751503.jpg
131,Malaysian Super League,https://cdn.soccerwiki.org/images/logos/leagues/131.png
132,Botola Pro,https://cdn.soccerwiki.org/images/logos/leagues/132.jpg
133,Primera División,https://cdn.soccerwiki.org/images/logos/leagues/133.png
134,Nigerian Professional Football League,https://cdn.soccerwiki.org/images/logos/leagues/134.png
135,Liga Panameña de Fútbol,https://cdn.soccerwiki.org/images/logos/leagues/135_1350851659.jpg
136,Stars League,https://cdn.soccerwiki.org/images/logos/leagues/136.jpg
137,Saudi Pro League,https://cdn.soccerwiki.org/images/logos/leagues/137.png
138,Singapore Premier League,https://cdn.soccerwiki.org/images/logos/leagues/138.png
139,Premier League,https://cdn.soccerwiki.org/images/logos/leagues/139_1342598412.jpg
140,Syrian Premier League,https://cdn.soccerwiki.org/images/logos/leagues/140_1350920237.jpg
141,Thai League 1,https://cdn.soccerwiki.org/images/logos/leagues/141.png
142,Uzbekistan Super League,https://cdn.soccerwiki.org/images/logos/leagues/142.png
143, UAE Pro League,https://cdn.soccerwiki.org/images/logos/leagues/143.png
144,First Division,https://cdn.soccerwiki.org/images/logos/leagues/144.jpg
145,Ligue Professionnelle 1,https://cdn.soccerwiki.org/images/logos/leagues/145.png
146,National First Division,https://cdn.soccerwiki.org/images/logos/leagues/146_1350920227.jpg
150,Segunda B III,https://cdn.soccerwiki.org/images/logos/leagues/150.png
151,Série C,https://cdn.soccerwiki.org/images/logos/leagues/151.png
152,Ligue Professionnelle 1,https://cdn.soccerwiki.org/images/logos/leagues/152.jpg
153,Ekstraklasa,https://cdn.soccerwiki.org/images/logos/leagues/153.png
154,2. SNL,https://cdn.soccerwiki.org/images/logos/leagues/154_1351748274.jpg
155,Liga Nacional,https://cdn.soccerwiki.org/images/logos/leagues/155_1361856394.jpg
156,Kuwait Division 1,https://cdn.soccerwiki.org/images/logos/leagues/156.jpg
157,NB II,https://cdn.soccerwiki.org/images/logos/leagues/157_1351454171.jpg
158,MTN Elite One,https://cdn.soccerwiki.org/images/logos/leagues/158_1352131111.jpg
159,Campeonato de Portugal Serie C,https://cdn.soccerwiki.org/images/logos/leagues/159.png
160,Kategoria e Dytë,https://cdn.soccerwiki.org/images/logos/leagues/160.png
161,Liga Premier Indonesia,https://cdn.soccerwiki.org/images/logos/leagues/161.png
162,Segunda B I,https://cdn.soccerwiki.org/images/logos/leagues/162.png
163,Lega Pro 2a,https://cdn.soccerwiki.org/images/logos/leagues/163_1341431265.jpg
164,National League North,https://cdn.soccerwiki.org/images/logos/leagues/164.png
165,Campionato Sammarinese di Calcio,https://cdn.soccerwiki.org/images/logos/leagues/165_1341431271.jpg
166,Segunda B II,https://cdn.soccerwiki.org/images/logos/leagues/166.png
167,Prva Liga Republike Srpske,https://cdn.soccerwiki.org/images/logos/leagues/167_1360959341.jpg
168,Prva Liga Federacije BiH,https://cdn.soccerwiki.org/images/logos/leagues/168_1348240080.jpg
169,Lega Pro 2b,https://cdn.soccerwiki.org/images/logos/leagues/169_1342479136.jpg
170,Segunda B IV,https://cdn.soccerwiki.org/images/logos/leagues/170.png
171,National League South,https://cdn.soccerwiki.org/images/logos/leagues/171.png
172,Campeonato de Portugal Serie B,https://cdn.soccerwiki.org/images/logos/leagues/172.png
173,Effodeildin,https://cdn.soccerwiki.org/images/logos/leagues/173.png
174,Pakistan Premier League,https://cdn.soccerwiki.org/images/logos/leagues/174_1347436819.jpg
175,Football League,https://cdn.soccerwiki.org/images/logos/leagues/175.png
176,Segunda División,https://cdn.soccerwiki.org/images/logos/leagues/176.jpg
177,Malaysian Premier League,https://cdn.soccerwiki.org/images/logos/leagues/177.png
178,New Zealand Football Championship,https://cdn.soccerwiki.org/images/logos/leagues/178_1350920234.jpg
179,Grenada Premier Division,https://cdn.soccerwiki.org/images/logos/leagues/179.jpg
180,Bangladesh Premier League,https://cdn.soccerwiki.org/images/logos/leagues/180.png
181,Série D,https://cdn.soccerwiki.org/images/logos/leagues/181.png
182,NIFL Championship,https://cdn.soccerwiki.org/images/logos/leagues/182.png
183,National Premier Soccer League,https://cdn.soccerwiki.org/images/logos/leagues/183.png
184,2.HNL,https://cdn.soccerwiki.org/images/logos/leagues/184.png
185,2.Lig Beyaz,https://cdn.soccerwiki.org/images/logos/leagues/185_1361397411.jpg
186,Botola 2,https://cdn.soccerwiki.org/images/logos/leagues/186_1336011378.jpg
187,I-League 2,https://cdn.soccerwiki.org/images/logos/leagues/187_1347436817.jpg
188,Ligue Professionnelle 2,https://cdn.soccerwiki.org/images/logos/leagues/188.jpg
189,USL Championship,https://cdn.soccerwiki.org/images/logos/leagues/189.png
190,Zambian Premier League,https://cdn.soccerwiki.org/images/logos/leagues/190.png
191,Primera Divisiò,https://cdn.soccerwiki.org/images/logos/leagues/191.png
192,1 Lyga,https://cdn.soccerwiki.org/images/logos/leagues/192.png
193,Vtora Liga,https://cdn.soccerwiki.org/images/logos/leagues/193.png
194,Primera División de Ascenso,https://cdn.soccerwiki.org/images/logos/leagues/194_1335285542.jpg
195,Nepal A Division,https://cdn.soccerwiki.org/images/logos/leagues/195.png
196,Philippines Football League,https://cdn.soccerwiki.org/images/logos/leagues/196.png
197,China League One,https://cdn.soccerwiki.org/images/logos/leagues/197.png
198,Highland League,https://cdn.soccerwiki.org/images/logos/leagues/198.png
199,Liga Segunda División,https://cdn.soccerwiki.org/images/logos/leagues/199.png
200,Tercera División,https://cdn.soccerwiki.org/images/logos/leagues/200.jpg
201,Liga II,https://cdn.soccerwiki.org/images/logos/leagues/201.png
202,Premier Soccer League,https://cdn.soccerwiki.org/images/logos/leagues/202_1362046317.jpg
203,Kuwait Premier League,https://cdn.soccerwiki.org/images/logos/leagues/203.jpg
204,Bahraini Premier League,https://cdn.soccerwiki.org/images/logos/leagues/204.jpg
205,Ligue Haïtienne,https://cdn.soccerwiki.org/images/logos/leagues/205.png
206,Regionalliga Ost,https://cdn.soccerwiki.org/images/logos/leagues/206.jpg
207,2.Division,https://cdn.soccerwiki.org/images/logos/leagues/207_1350661162.jpg
208,Liga 2,https://cdn.soccerwiki.org/images/logos/leagues/208.png
209,Primera División Amateur,https://cdn.soccerwiki.org/images/logos/leagues/209.png
210,DPR Korea League,https://cdn.soccerwiki.org/images/logos/leagues/210_1342512038.jpg
211,V.League 1,https://cdn.soccerwiki.org/images/logos/leagues/211.png
212,Campeonato de Portugal Serie A,https://cdn.soccerwiki.org/images/logos/leagues/212.png
213,TT Pro League,https://cdn.soccerwiki.org/images/logos/leagues/213_1342166511.jpg
214,Omani League,https://cdn.soccerwiki.org/images/logos/leagues/214.png
215,SVB Hoofdklasse,https://cdn.soccerwiki.org/images/logos/leagues/215.jpg
216,Liga 2,https://cdn.soccerwiki.org/images/logos/leagues/216.png
217,Derde Divisie,https://cdn.soccerwiki.org/images/logos/leagues/217.png
218,Segunda División,https://cdn.soccerwiki.org/images/logos/leagues/218.png
219,Central African Republic League,https://cdn.soccerwiki.org/images/logos/leagues/219_1336011390.jpg
220,2.Lig Kırmızı,https://cdn.soccerwiki.org/images/logos/leagues/220.jpg
221,Moçambola,https://cdn.soccerwiki.org/images/logos/leagues/221.jpg
222,Tanzanian Premier League,https://cdn.soccerwiki.org/images/logos/leagues/222.png
223,Libyan Premier League,https://cdn.soccerwiki.org/images/logos/leagues/223.jpg
224,Ethiopian Premier League,https://cdn.soccerwiki.org/images/logos/leagues/224.png
225,Ýokary Liga,https://cdn.soccerwiki.org/images/logos/leagues/225.jpg
226,Sierra Leone's National Premier League,https://cdn.soccerwiki.org/images/logos/leagues/226.png
227,Tajik League,https://cdn.soccerwiki.org/images/logos/leagues/227.png
228,Congo Premier League,https://cdn.soccerwiki.org/images/logos/leagues/228.jpg
229,Puerto Rico Soccer League,https://cdn.soccerwiki.org/images/logos/leagues/229_1342252889.jpg
230,Primera B Metropolitana,https://cdn.soccerwiki.org/images/logos/leagues/230.png
231,Myanmar National League,https://cdn.soccerwiki.org/images/logos/leagues/231_1342166508.jpg
232,National Premier League,https://cdn.soccerwiki.org/images/logos/leagues/232.png
233,Campeonato Nacional de Fútbol,https://cdn.soccerwiki.org/images/logos/leagues/233.png
234,Yemeni Premier League,https://cdn.soccerwiki.org/images/logos/leagues/234_1348092700.jpg
235,Ugandan Super League,https://cdn.soccerwiki.org/images/logos/leagues/235.jpg
236,1. Deild,https://cdn.soccerwiki.org/images/logos/leagues/236.png
237,Sri Lanka Football Premier League,
238,3.Division,https://cdn.soccerwiki.org/images/logos/leagues/238.jpg
239,Regionalliga Mitte,https://cdn.soccerwiki.org/images/logos/leagues/239_1339056010.jpg
240,Kiribati National Championship,https://cdn.soccerwiki.org/images/logos/leagues/240.jpg
241,Rwandan Premier League,https://cdn.soccerwiki.org/images/logos/leagues/241.png
242,Guinée Championnat National,https://cdn.soccerwiki.org/images/logos/leagues/242.jpg
243,Championnat National du Bénin,https://cdn.soccerwiki.org/images/logos/leagues/243.jpg
244,Burkinabé Premier League,https://cdn.soccerwiki.org/images/logos/leagues/244.jpg
245,Antigua and Barbuda Premier Division,
246,Mauritanian Premier League,https://cdn.soccerwiki.org/images/logos/leagues/246_1349287916.jpg
247,Liberian Premier League,https://cdn.soccerwiki.org/images/logos/leagues/247.jpg
248,Premier League of Belize,https://cdn.soccerwiki.org/images/logos/leagues/248.jpg
249,GFA League First Division,https://cdn.soccerwiki.org/images/logos/leagues/249.jpg
250,Swazi Premier League,https://cdn.soccerwiki.org/images/logos/leagues/250_1359840071.jpg
251,Gabon Championnat National,https://cdn.soccerwiki.org/images/logos/leagues/251.jpg
252,Niger Premier League,https://cdn.soccerwiki.org/images/logos/leagues/252_1349437041.jpg
253,Burundi Premier League,https://cdn.soccerwiki.org/images/logos/leagues/253.png
254,Cambodian League,https://cdn.soccerwiki.org/images/logos/leagues/254.png
255,Kenyan Premier League,https://cdn.soccerwiki.org/images/logos/leagues/255.png
256,Afghan Premier League,https://cdn.soccerwiki.org/images/logos/leagues/256_1351205117.jpg
257,Regionalliga West,https://cdn.soccerwiki.org/images/logos/leagues/257_1360874127.jpg
258,Malawi Premier Division,https://cdn.soccerwiki.org/images/logos/leagues/258.jpg
259,Somalia League,https://cdn.soccerwiki.org/images/logos/leagues/259.jpg
260,Championnat National,https://cdn.soccerwiki.org/images/logos/leagues/260.jpg
261,Chad Premier League,https://cdn.soccerwiki.org/images/logos/leagues/261.jpg
262,Treta Liga North-West,https://cdn.soccerwiki.org/images/logos/leagues/262.png
263,GFF Super League,https://cdn.soccerwiki.org/images/logos/leagues/263.jpg
264,Liga Mayor,https://cdn.soccerwiki.org/images/logos/leagues/264.jpg
265,Liga II - Seria II,https://cdn.soccerwiki.org/images/logos/leagues/265.jpg
266,Anguillan League,https://cdn.soccerwiki.org/images/logos/leagues/266.jpg
267,Botswana Premier League,https://cdn.soccerwiki.org/images/logos/leagues/267.jpg
268,Comoros Premier League,
269,Equatoguinean Premier League,
270,BFA Senior League,https://cdn.soccerwiki.org/images/logos/leagues/270.png
271,2.CFL,https://cdn.soccerwiki.org/images/logos/leagues/271_1349708365.jpg
272,Druha Liha,https://cdn.soccerwiki.org/images/logos/leagues/272.png
273,Campeonato Nacional da Guiné-Bissau,https://cdn.soccerwiki.org/images/logos/leagues/273.jpg
274,Barbados Premier Division,https://cdn.soccerwiki.org/images/logos/leagues/274.jpg
275,Eritrean Premier League,https://cdn.soccerwiki.org/images/logos/leagues/275.jpg
276,São Tomé Island League,https://cdn.soccerwiki.org/images/logos/leagues/276.jpg
277,Tonga Major League,https://cdn.soccerwiki.org/images/logos/leagues/277.jpg
278,Lao League,https://cdn.soccerwiki.org/images/logos/leagues/278.png
279,Campeonato Nacional de Cabo Verde,https://cdn.soccerwiki.org/images/logos/leagues/279.jpg
280,Papua New Guinea NSL,https://cdn.soccerwiki.org/images/logos/leagues/280.jpg
281,Niislel League,https://cdn.soccerwiki.org/images/logos/leagues/281_1358758803.jpg
282,Namibia Premier League,https://cdn.soccerwiki.org/images/logos/leagues/282.jpg
283,Maltese First Division,https://cdn.soccerwiki.org/images/logos/leagues/283_1344153604.jpg
284,Kyrgyz Premier League,https://cdn.soccerwiki.org/images/logos/leagues/284.png
285,Mauritian League,https://cdn.soccerwiki.org/images/logos/leagues/285.jpg
286,Brunei Premier League,https://cdn.soccerwiki.org/images/logos/leagues/286_1349266917.jpg
287,Tercera Division IV,https://cdn.soccerwiki.org/images/logos/leagues/287.png
288,Canadian Soccer League,https://cdn.soccerwiki.org/images/logos/leagues/288.png
289,Tercera Division X,https://cdn.soccerwiki.org/images/logos/leagues/289.png
290,Curaçao League,https://cdn.soccerwiki.org/images/logos/leagues/290.png
291,Liga de Ascenso,https://cdn.soccerwiki.org/images/logos/leagues/291_1345840487.jpg
292,Dhivehi League,https://cdn.soccerwiki.org/images/logos/leagues/292.jpg
293,Senegal Premier League,https://cdn.soccerwiki.org/images/logos/leagues/293_1346596260.jpg
294,Palau Soccer League,https://cdn.soccerwiki.org/images/logos/leagues/294.png
295,Tercera Division XII,https://cdn.soccerwiki.org/images/logos/leagues/295.png
296,NLA Premier League,https://cdn.soccerwiki.org/images/logos/leagues/296.jpg
297,J3 League,https://cdn.soccerwiki.org/images/logos/leagues/297.png
298,MFL League,
299,Liga III,https://cdn.soccerwiki.org/images/logos/leagues/299.png
300,Liga Futebol de Timor Leste (LFTL),https://cdn.soccerwiki.org/images/logos/leagues/300.png
301,Réunion Premier League,https://cdn.soccerwiki.org/images/logos/leagues/301.jpg
302,Vanuatu Premia Divisen,https://cdn.soccerwiki.org/images/logos/leagues/302_1350886600.jpg
303,Liga III - Seria 1,
304,Tercera División III,https://cdn.soccerwiki.org/images/logos/leagues/304.png
305,Samoa National League,https://cdn.soccerwiki.org/images/logos/leagues/305.jpg
306,Division 1 Norra,https://cdn.soccerwiki.org/images/logos/leagues/306.jpg
307,Regionalliga Nordost,https://cdn.soccerwiki.org/images/logos/leagues/307.jpg
308,ASFA Soccer League,https://cdn.soccerwiki.org/images/logos/leagues/308.jpg
309,Division di Honor,https://cdn.soccerwiki.org/images/logos/leagues/309.jpg
310,Serie D,https://cdn.soccerwiki.org/images/logos/leagues/310.jpg
311,División Intermedia,https://cdn.soccerwiki.org/images/logos/leagues/311.png
312,National Football League,https://cdn.soccerwiki.org/images/logos/leagues/312_1356339605.jpg
313,Regionalliga Bayern,https://cdn.soccerwiki.org/images/logos/leagues/313.jpg
314,Tercera Division XIII,https://cdn.soccerwiki.org/images/logos/leagues/314.png
315,Tercera División I,https://cdn.soccerwiki.org/images/logos/leagues/315.png
316,2.Liga,https://cdn.soccerwiki.org/images/logos/leagues/316_1354266014.jpg
317,Treta Liga North-East,https://cdn.soccerwiki.org/images/logos/leagues/317.png
318,Treta Liga South-West,https://cdn.soccerwiki.org/images/logos/leagues/318.png
319,Treta Liga South-East,https://cdn.soccerwiki.org/images/logos/leagues/319.png
320,Regionalliga Südwest,https://cdn.soccerwiki.org/images/logos/leagues/320.jpg
330,NB II Keleti,https://cdn.soccerwiki.org/images/logos/leagues/330.jpg
331,K League 2,https://cdn.soccerwiki.org/images/logos/leagues/331.png
332,2. MFL,https://cdn.soccerwiki.org/images/logos/leagues/332.png
333,Division 1 Södra,https://cdn.soccerwiki.org/images/logos/leagues/333.jpg
334,Tercera División V,https://cdn.soccerwiki.org/images/logos/leagues/334.png
335,Tercera División XVIII,https://cdn.soccerwiki.org/images/logos/leagues/335.png
336,2.Lig Kirmizi,https://cdn.soccerwiki.org/images/logos/leagues/336.jpg
337,Guinée Ligue 2,
338,Azərbaycan 1 Divizionu,https://cdn.soccerwiki.org/images/logos/leagues/338.jpg
339,Super League 2,https://cdn.soccerwiki.org/images/logos/leagues/339.png
340,Saudi First Division League,https://cdn.soccerwiki.org/images/logos/leagues/340.png
341,Tercera División IX,https://cdn.soccerwiki.org/images/logos/leagues/341.png
342,1. Liga Promotion,https://cdn.soccerwiki.org/images/logos/leagues/342.jpg
343,Tahiti Division Fédérale,https://cdn.soccerwiki.org/images/logos/leagues/343.jpg
344,Azadegan League,https://cdn.soccerwiki.org/images/logos/leagues/344.jpg
345,Indian Super League,https://cdn.soccerwiki.org/images/logos/leagues/345.png
346,Serie C Girone C,https://cdn.soccerwiki.org/images/logos/leagues/346.png
347,Gibraltar National League,https://cdn.soccerwiki.org/images/logos/leagues/347.png
348,Premier League,https://cdn.soccerwiki.org/images/logos/leagues/348.jpg
349,Malian Première Division,https://cdn.soccerwiki.org/images/logos/leagues/349.png
350,Liga de Elite,https://cdn.soccerwiki.org/images/logos/leagues/350.png
351,Tweede Divisie,https://cdn.soccerwiki.org/images/logos/leagues/351.png
352,Lowland League,https://cdn.soccerwiki.org/images/logos/leagues/352.png
353,Campeonato de Portugal Serie D,https://cdn.soccerwiki.org/images/logos/leagues/353.png
354,Football Superleague,https://cdn.soccerwiki.org/images/logos/leagues/354.png
355,USL League One,https://cdn.soccerwiki.org/images/logos/leagues/355.png
356,Canadian Premier League,https://cdn.soccerwiki.org/images/logos/leagues/356.png
357,National 2 A,
358,National 2 B,
359,National 2 C,
360,National 2 D,https://cdn.soccerwiki.org/images/logos/leagues/360.png
361,New Caledonia Super Ligue,https://cdn.soccerwiki.org/images/logos/leagues/361.png
362,Primera B Nacional B,https://cdn.soccerwiki.org/images/logos/leagues/362.png
363,Série C B,
364,Djibouti Premier League,
365,Mongolian National Premier League,https://cdn.soccerwiki.org/images/logos/leagues/365.png
366,Primera Federación RFEF 1,https://cdn.soccerwiki.org/images/logos/leagues/366.png
367,Primera Federación RFEF 2,https://cdn.soccerwiki.org/images/logos/leagues/367.png
368,Malagasy Pro League,
369,Benin Premier League,
370,West Bank Premier League,
371,MLS Next Pro,
372,Qatari Second Division,
373,Uzbekistan Pro League,
374,Egyptian Second Division,
375,National Division 1,
376,CFL,
377,Thai League 2,https://cdn.soccerwiki.org/images/logos/leagues/377.png
378,UAE First Division League,
379,Saudi Second Division,
380,Championnat National 3,
381,Liga 3 Serie A,https://cdn.soccerwiki.org/images/logos/leagues/381.png
382,Liga 3 Serie B,https://cdn.soccerwiki.org/images/logos/leagues/382.png
383,K League 3,
384,Russian Media Football League,
385,Erovnuli Liga 2,https://cdn.soccerwiki.org/images/logos/leagues/385.png
386,Azərbaycan 2 Divizionu,
387,Tuvalu A-Division,
388,Asociación de Fútbol de Pando,
389,Russian Second League Division B,https://cdn.soccerwiki.org/images/logos/leagues/389.png
390,NISA,
391,Ykkönen,https://cdn.soccerwiki.org/images/logos/leagues/391.png
392,Russian Second League Division A,https://cdn.soccerwiki.org/images/logos/leagues/392.png
393,Liga K3,
394,K4 League,
395,China League Two,
396,Martinique Championnat National,
397,French Guiana Régional 1,
398,Northern Premier League Premier Division,
399,Southern Football League,
400,Southern League Premier Division South,
401,Isthmian League Premier Division,
402,Tonga Championship,
403,Tokelau Major Legue,
404,Cymru North,
405,Bhutan Premier League,https://cdn.soccerwiki.org/images/logos/leagues/405.png
406,Liga Nusantara,https://cdn.soccerwiki.org/images/logos/leagues/406.png
407,Cymru South,
408,Thai League 3,https://cdn.soccerwiki.org/images/logos/leagues/408.png
409,V.League 2,
410,Segunda Federación - Grupo V,https://cdn.soccerwiki.org/images/logos/leagues/410.png
411,1. deild,
